customer_id,timestamp,platform,region,num_sessions_last_7d,num_sessions_last_30d,avg_session_duration,num_errors,subscription_tier,num_sessions_next_7d,churned
C100000,2024-03-05,ios,EU,5,11,1.26,0,standard,4,0
C100001,2024-01-08,android,EU,5,13,6.36,2,standard,4,0
C100002,2024-02-17,web,APAC,5,20,16.35,1,standard,5,0
C100003,2024-04-23,ios,APAC,2,9,4.12,0,premium,0,1
C100004,2024-06-28,android,NA,2,9,4.12,0,standard,1,1
C100005,2024-05-20,web,NA,2,15,14.19,0,basic,0,1
C100006,2024-02-25,ios,EU,5,14,3.69,3,standard,5,0
C100007,2024-06-18,ios,EU,3,11,12.96,1,basic,0,1
C100008,2024-03-20,android,NA,3,14,5.6,2,basic,0,1
C100009,2024-03-04,ios,EU,4,12,2.45,2,premium,2,0
C100010,2024-06-01,android,APAC,7,15,8.44,2,standard,4,0
C100011,2024-03-12,web,APAC,3,18,4.86,0,premium,6,0
C100012,2024-05-12,ios,EU,4,14,5.2,3,basic,1,1
C100013,2024-01-30,ios,NA,4,14,8.96,1,standard,0,0
C100014,2024-02-29,android,NA,2,14,4.95,0,basic,1,1
C100015,2024-06-26,android,EU,5,17,3.14,2,basic,0,1
C100016,2024-02-13,ios,NA,5,16,14.4,1,basic,5,0
C100017,2024-06-01,android,EU,2,10,11.45,1,standard,0,1
C100018,2024-03-24,ios,EU,3,17,,0,basic,3,0
C100019,2024-06-21,ios,NA,4,11,4.02,0,premium,7,0
C100020,2024-03-15,ios,NA,2,11,1.52,3,basic,1,1
C100021,2024-03-30,android,NA,4,11,1.24,1,basic,4,0
C100022,2024-03-12,web,APAC,4,11,10.09,0,standard,4,0
C100023,2024-02-07,web,EU,4,9,2.47,1,basic,6,0
C100024,2024-05-31,ios,NA,6,18,3.78,2,premium,4,0
C100025,2024-04-13,android,APAC,4,10,12.93,0,standard,3,0
C100026,2024-03-31,ios,EU,6,18,1.54,1,basic,4,0
C100027,2024-03-07,android,EU,3,10,7.31,0,standard,0,1
C100028,2024-05-19,android,LATAM,2,10,8.32,1,standard,4,0
C100029,2024-03-03,ios,NA,3,12,4.18,1,standard,2,0
C100030,2024-02-12,ios,NA,3,11,6.53,0,standard,3,0
C100031,2024-01-15,web,EU,2,11,4.08,2,standard,9,0
C100032,2024-06-06,android,NA,3,11,13.74,0,standard,3,0
C100033,2024-01-14,android,EU,2,10,8.47,1,basic,5,0
C100034,2024-06-01,ios,NA,2,16,7.01,1,standard,5,0
C100035,2024-03-09,android,NA,2,12,,1,premium,3,0
C100036,2024-01-01,android,NA,3,9,5.12,3,standard,4,0
C100037,2024-06-15,ios,EU,4,14,5.65,2,standard,3,0
C100038,2024-05-13,android,NA,3,7,23.82,1,basic,4,0
C100039,2024-05-10,ios,NA,5,16,5.75,1,standard,4,0
C100040,2024-04-08,android,APAC,4,11,7.11,0,premium,4,0
C100041,2024-05-16,ios,NA,7,18,5.32,0,basic,8,0
C100042,2024-01-24,ios,NA,2,14,2.8,3,basic,0,1
C100043,2024-02-12,android,NA,3,6,5.2,1,standard,3,0
C100044,2024-04-07,ios,NA,1,11,4.81,1,basic,0,1
C100045,2024-05-12,ios,NA,4,12,4.44,1,standard,0,1
C100046,2024-04-15,android,EU,6,15,5.4,2,basic,1,0
C100047,2024-03-14,android,NA,4,20,12.05,1,basic,2,0
C100048,2024-04-30,ios,APAC,4,14,4.08,2,standard,3,0
C100049,2024-01-11,android,LATAM,4,17,8.82,1,standard,0,1
C100050,2024-04-01,android,NA,3,22,13.93,0,standard,4,0
C100051,2024-03-12,android,NA,2,15,8.51,3,standard,1,1
C100052,2024-03-30,ios,NA,2,14,5.46,0,standard,3,0
C100053,2024-01-24,ios,EU,1,10,2.36,1,standard,3,0
C100054,2024-06-11,ios,NA,5,16,2.53,0,standard,3,0
C100055,2024-06-02,ios,APAC,3,10,6.46,2,standard,4,0
C100056,2024-06-18,ios,APAC,4,17,8.06,2,standard,3,0
C100057,2024-05-31,ios,APAC,4,11,3.09,1,basic,5,0
C100058,2024-04-29,android,EU,1,7,3.94,0,basic,0,1
C100059,2024-02-21,android,LATAM,2,12,8.96,2,standard,4,0
C100060,2024-01-21,ios,NA,5,13,8.04,2,premium,6,0
C100061,2024-04-20,ios,EU,4,10,6.07,2,standard,7,0
C100062,2024-06-19,ios,NA,5,19,6.62,3,basic,0,1
C100063,2024-03-06,ios,LATAM,1,7,2.91,0,standard,4,0
C100064,2024-06-27,ios,EU,5,13,9.09,0,basic,3,0
C100065,2024-01-28,ios,APAC,6,15,11.92,3,standard,4,0
C100066,2024-02-20,ios,NA,4,16,,0,standard,6,0
C100067,2024-04-26,android,LATAM,3,15,7.17,0,standard,2,0
C100068,2024-03-29,android,EU,2,19,12.18,3,standard,3,0
C100069,2024-05-16,android,EU,7,22,2.45,2,basic,0,0
C100070,2024-03-03,android,LATAM,5,11,7.14,0,basic,0,1
C100071,2024-05-19,android,NA,3,10,6.04,4,premium,7,0
C100072,2024-02-24,web,NA,3,14,5.3,0,standard,3,0
C100073,2024-01-27,android,EU,4,12,10.47,2,standard,0,1
C100074,2024-04-12,android,NA,4,11,8.58,2,basic,2,1
C100075,2024-04-02,android,NA,4,15,2.15,2,basic,1,1
C100076,2024-04-12,android,NA,5,14,,1,basic,3,0
C100077,2024-01-05,ios,NA,3,14,4.64,0,basic,4,0
C100078,2024-03-15,ios,APAC,3,12,6.7,1,basic,2,0
C100079,2024-01-17,ios,EU,4,12,5.15,4,premium,0,1
C100080,2024-05-24,ios,NA,4,16,2.83,0,standard,3,0
C100081,2024-01-15,android,EU,6,13,2.99,1,basic,4,0
C100082,2024-06-16,ios,EU,4,15,2.59,2,basic,3,0
C100083,2024-01-11,android,EU,2,10,5.39,1,basic,0,1
C100084,2024-04-19,android,LATAM,5,20,10.2,1,standard,2,0
C100085,2024-03-01,android,LATAM,4,13,11.35,1,basic,3,0
C100086,2024-01-20,ios,NA,3,12,5.91,2,standard,3,0
C100087,2024-03-05,ios,NA,4,11,5.97,0,standard,2,0
C100088,2024-01-08,android,EU,3,15,4.57,2,basic,0,1
C100089,2024-05-05,ios,EU,4,16,3.47,2,standard,5,0
C100090,2024-06-05,android,EU,5,15,4.07,1,premium,4,0
C100091,2024-02-29,ios,EU,2,15,6.24,0,basic,0,1
C100092,2024-03-20,android,EU,7,21,3.97,1,basic,6,0
C100093,2024-01-26,android,NA,4,15,2.33,2,premium,0,1
C100094,2024-03-27,android,NA,3,10,5.98,1,premium,4,0
C100095,2024-06-19,ios,NA,4,12,4.65,3,standard,8,0
C100096,2024-04-06,android,NA,4,12,15.5,0,standard,1,1
C100097,2024-06-06,android,NA,6,14,2.43,0,basic,1,1
C100098,2024-05-20,android,APAC,4,16,5.21,2,standard,1,1
C100099,2024-01-23,web,NA,3,15,4.23,1,basic,1,1
C100100,2024-01-10,web,NA,5,13,11.47,3,basic,0,1
C100101,2024-03-06,ios,EU,5,15,3.64,1,standard,5,0
C100102,2024-06-18,android,APAC,7,21,8.57,2,premium,2,0
C100103,2024-01-31,web,NA,4,14,,2,standard,5,0
C100104,2024-01-09,ios,APAC,5,14,8.68,1,basic,6,0
C100105,2024-06-21,ios,LATAM,2,12,5.4,5,basic,1,1
C100106,2024-02-05,android,EU,2,8,2.84,0,premium,4,0
C100107,2024-03-05,android,EU,2,15,3.82,3,premium,1,1
C100108,2024-05-20,android,NA,6,24,8.62,0,standard,2,0
C100109,2024-01-18,web,LATAM,6,19,5.92,0,standard,4,0
C100110,2024-01-31,ios,NA,2,9,3.43,1,basic,0,1
C100111,2024-05-10,android,LATAM,3,13,4.76,1,basic,3,0
C100112,2024-01-02,android,EU,8,19,6.06,1,basic,5,0
C100113,2024-05-08,ios,NA,4,11,1.61,3,basic,3,0
C100114,2024-04-07,android,NA,2,8,4.19,2,basic,1,1
C100115,2024-02-13,web,EU,4,9,10.35,1,standard,2,0
C100116,2024-04-20,ios,EU,4,15,11.52,0,basic,5,0
C100117,2024-02-27,ios,NA,5,12,4.18,2,basic,0,1
C100118,2024-06-19,android,APAC,2,13,8.67,0,standard,4,0
C100119,2024-03-15,ios,APAC,3,13,5.66,3,basic,3,0
C100120,2024-05-14,ios,EU,4,17,9.48,3,basic,0,1
C100121,2024-02-18,ios,EU,2,12,5.47,4,standard,2,0
C100122,2024-05-30,android,NA,4,13,8.7,1,basic,0,1
C100123,2024-02-21,android,APAC,3,15,4.56,1,standard,2,0
C100124,2024-04-01,android,NA,3,10,2.26,0,premium,6,0
C100125,2024-05-24,ios,APAC,2,10,5.91,2,basic,0,1
C100126,2024-06-15,android,NA,2,13,4.62,0,premium,10,0
C100127,2024-05-15,android,EU,6,13,5.48,1,premium,4,0
C100128,2024-04-30,android,NA,4,13,9.1,2,standard,0,1
C100129,2024-05-04,ios,NA,6,13,18.9,1,standard,4,0
C100130,2024-03-14,android,APAC,3,11,13.81,3,standard,3,0
C100131,2024-05-03,web,EU,1,13,5.33,1,standard,4,0
C100132,2024-04-13,ios,EU,2,7,3.45,0,standard,2,0
C100133,2024-04-03,android,LATAM,3,9,6.3,0,basic,3,0
C100134,2024-02-26,ios,LATAM,1,10,5.03,0,premium,5,0
C100135,2024-03-04,android,APAC,7,18,14.95,0,standard,6,0
C100136,2024-01-23,web,NA,6,20,16.14,1,standard,6,0
C100137,2024-05-09,ios,EU,3,8,9.58,3,basic,0,1
C100138,2024-01-04,ios,APAC,3,11,2.9,1,basic,0,1
C100139,2024-01-21,android,NA,5,15,6.03,1,standard,8,0
C100140,2024-02-22,ios,NA,2,11,7.52,4,standard,0,1
C100141,2024-01-26,ios,APAC,6,13,5.72,4,basic,7,0
C100142,2024-05-14,web,EU,3,12,5.66,1,basic,6,0
C100143,2024-01-23,ios,EU,3,21,6.56,0,basic,2,0
C100144,2024-03-23,ios,LATAM,2,13,24.96,1,standard,4,0
C100145,2024-05-11,android,EU,2,7,4.06,1,basic,0,1
C100146,2024-04-16,android,EU,3,6,18.8,3,premium,4,0
C100147,2024-04-16,ios,NA,5,13,7.84,0,basic,1,1
C100148,2024-03-02,android,EU,2,7,7.41,1,basic,0,1
C100149,2024-03-22,android,NA,6,14,5.14,3,basic,5,0
C100150,2024-05-18,ios,APAC,4,12,4.45,2,standard,2,0
C100151,2024-03-26,web,APAC,2,10,1.7,1,basic,0,1
C100152,2024-05-05,android,NA,2,7,3.51,1,standard,0,1
C100153,2024-05-28,ios,NA,1,10,1.9,2,premium,0,1
C100154,2024-02-14,android,APAC,1,7,1.89,1,basic,2,0
C100155,2024-01-22,ios,NA,3,11,2.6,0,standard,3,0
C100156,2024-03-24,android,EU,3,15,11.94,0,basic,4,0
C100157,2024-03-09,ios,EU,7,17,11.9,0,basic,3,0
C100158,2024-01-27,ios,EU,6,13,3.56,6,basic,3,0
C100159,2024-05-16,ios,NA,3,13,2.2,0,basic,1,1
C100160,2024-04-22,android,EU,3,9,4.32,2,standard,7,0
C100161,2024-04-28,web,NA,2,10,8.78,1,standard,0,1
C100162,2024-05-07,android,EU,3,19,,1,standard,0,1
C100163,2024-03-19,android,NA,3,14,6.53,2,standard,6,0
C100164,2024-04-01,ios,EU,2,10,7.27,0,standard,0,1
C100165,2024-02-10,android,EU,2,10,,3,basic,0,1
C100166,2024-05-11,ios,NA,2,11,1.97,2,basic,3,0
C100167,2024-06-19,ios,NA,2,15,2.33,1,basic,6,0
C100168,2024-06-06,android,NA,2,13,15.44,1,standard,3,0
C100169,2024-03-14,web,NA,5,13,6.51,1,premium,3,0
C100170,2024-01-09,android,NA,2,14,1.51,4,basic,0,1
C100171,2024-06-07,ios,LATAM,2,8,7.55,1,standard,4,0
C100172,2024-04-13,android,EU,3,11,3.09,2,standard,1,1
C100173,2024-05-20,web,APAC,3,12,10.98,0,standard,1,0
C100174,2024-02-24,android,LATAM,3,12,10.25,2,standard,4,0
C100175,2024-06-04,android,NA,1,13,8.47,0,standard,0,1
C100176,2024-05-30,android,EU,3,10,6.46,1,standard,0,1
C100177,2024-01-04,web,APAC,4,12,12.66,1,premium,3,0
C100178,2024-04-11,web,EU,4,13,13.47,1,basic,2,1
C100179,2024-03-26,ios,EU,4,12,3.14,2,premium,3,0
C100180,2024-04-28,web,EU,2,9,8.42,1,basic,9,0
C100181,2024-02-16,web,NA,2,11,3.93,0,standard,4,0
C100182,2024-01-18,ios,EU,3,19,2.86,0,basic,9,0
C100183,2024-02-19,android,LATAM,3,12,13.47,3,basic,0,1
C100184,2024-04-04,ios,LATAM,1,12,9.28,0,basic,3,0
C100185,2024-02-18,ios,NA,3,15,6.8,0,basic,3,0
C100186,2024-03-24,android,APAC,3,9,3.33,4,basic,0,1
C100187,2024-03-11,android,NA,2,12,,1,basic,6,0
C100188,2024-05-04,ios,LATAM,2,15,3.06,1,basic,0,1
C100189,2024-03-14,android,NA,4,13,2.65,1,basic,1,1
C100190,2024-01-27,web,LATAM,3,13,5.75,0,standard,1,1
C100191,2024-04-24,android,APAC,3,7,8.78,1,premium,6,0
C100192,2024-02-08,android,NA,3,8,4.6,2,standard,3,0
C100193,2024-02-24,ios,NA,7,17,6.4,0,basic,3,0
C100194,2024-05-07,android,APAC,2,10,3.92,0,basic,1,1
C100195,2024-02-19,android,NA,3,14,4.2,2,premium,7,0
C100196,2024-01-12,ios,EU,3,11,16.53,1,basic,1,0
C100197,2024-03-05,web,LATAM,4,14,5.41,0,basic,3,0
C100198,2024-03-10,android,EU,6,18,13.17,0,premium,1,1
C100199,2024-05-03,android,NA,3,15,1.85,2,premium,8,0
C100200,2024-05-07,ios,EU,2,19,11.12,2,basic,0,1
C100201,2024-01-01,web,NA,2,11,3.44,0,standard,4,0
C100202,2024-05-16,ios,LATAM,2,16,9.42,1,basic,1,1
C100203,2024-05-14,android,NA,2,16,3.42,2,standard,4,0
C100204,2024-02-01,android,NA,6,14,4.4,1,basic,0,1
C100205,2024-03-02,android,NA,1,11,2.81,1,basic,3,0
C100206,2024-05-18,android,LATAM,6,18,9.53,1,standard,2,1
C100207,2024-04-13,ios,NA,6,13,10.49,1,basic,1,1
C100208,2024-03-02,android,APAC,3,15,3.51,1,standard,5,0
C100209,2024-05-17,ios,APAC,3,12,2.12,0,basic,6,0
C100210,2024-04-23,ios,APAC,4,13,13.06,3,premium,8,0
C100211,2024-04-01,ios,LATAM,3,13,3.78,1,standard,4,0
C100212,2024-01-02,android,APAC,4,15,5.23,2,basic,5,0
C100213,2024-04-26,ios,LATAM,5,12,3.12,2,standard,2,0
C100214,2024-02-02,ios,NA,5,13,8.96,1,basic,4,0
C100215,2024-06-14,ios,APAC,5,12,9.1,2,basic,3,0
C100216,2024-02-04,android,EU,4,10,14.42,2,basic,0,1
C100217,2024-01-06,android,EU,3,12,11.32,1,premium,1,0
C100218,2024-03-08,web,APAC,5,14,10.84,1,standard,4,0
C100219,2024-03-03,android,LATAM,6,18,5.54,0,premium,4,0
C100220,2024-03-04,android,APAC,4,12,5.11,1,premium,4,0
C100221,2024-06-15,ios,EU,5,13,8.88,0,premium,3,0
C100222,2024-02-19,ios,EU,6,17,,0,basic,5,0
C100223,2024-05-30,web,NA,6,14,11.57,3,premium,3,0
C100224,2024-01-30,android,NA,3,13,3.0,1,standard,6,0
C100225,2024-04-21,web,NA,5,16,1.83,2,basic,6,0
C100226,2024-01-24,android,NA,3,15,8.23,1,standard,5,0
C100227,2024-02-11,ios,NA,5,15,4.09,1,basic,9,0
C100228,2024-01-27,ios,APAC,3,8,2.73,4,basic,1,0
C100229,2024-02-29,android,EU,3,7,20.15,2,basic,7,0
C100230,2024-03-23,android,LATAM,2,7,5.88,0,basic,0,1
C100231,2024-06-03,android,EU,4,13,2.36,0,basic,1,1
C100232,2024-05-16,web,NA,2,11,3.78,0,premium,1,0
C100233,2024-05-05,ios,NA,1,9,4.84,2,standard,4,0
C100234,2024-03-29,web,NA,2,10,8.12,1,standard,0,1
C100235,2024-02-21,ios,LATAM,3,8,3.8,1,basic,1,1
C100236,2024-02-23,ios,NA,2,9,5.28,0,basic,0,1
C100237,2024-01-24,ios,EU,5,12,6.95,0,basic,0,1
C100238,2024-04-29,android,LATAM,3,15,7.8,1,standard,4,0
C100239,2024-05-20,android,LATAM,4,12,5.53,1,basic,3,0
C100240,2024-04-08,ios,NA,4,14,16.37,0,standard,1,0
C100241,2024-04-13,ios,NA,5,15,9.02,1,standard,3,0
C100242,2024-03-08,android,NA,3,9,,4,standard,0,1
C100243,2024-06-22,ios,NA,4,11,8.51,3,premium,2,0
C100244,2024-06-08,ios,NA,4,10,11.62,2,basic,6,0
C100245,2024-03-14,web,EU,4,14,6.66,2,premium,3,0
C100246,2024-05-15,ios,LATAM,2,14,,1,standard,5,0
C100247,2024-03-03,android,EU,5,25,7.57,0,standard,6,0
C100248,2024-01-23,android,EU,5,15,8.18,3,standard,3,0
C100249,2024-02-22,android,NA,2,6,12.77,0,standard,3,0
C100250,2024-05-30,ios,APAC,4,12,2.79,2,premium,3,0
C100251,2024-03-27,web,EU,4,13,3.22,1,basic,2,0
C100252,2024-06-04,ios,APAC,3,13,6.0,2,standard,1,1
C100253,2024-02-28,android,LATAM,6,15,,3,standard,0,1
C100254,2024-03-23,android,NA,6,17,2.48,5,basic,4,0
C100255,2024-01-14,ios,NA,4,11,2.84,0,premium,5,0
C100256,2024-05-20,ios,NA,3,9,9.99,2,basic,3,0
C100257,2024-02-26,android,EU,7,17,2.55,5,standard,2,0
C100258,2024-01-17,android,LATAM,6,21,3.25,1,basic,0,1
C100259,2024-02-09,ios,NA,5,11,,0,basic,2,0
C100260,2024-04-29,android,APAC,2,15,8.58,3,standard,6,0
C100261,2024-05-26,ios,EU,4,12,3.82,2,basic,0,1
C100262,2024-06-20,android,NA,6,16,7.96,1,basic,0,1
C100263,2024-02-12,android,NA,3,10,7.02,3,basic,5,0
C100264,2024-04-16,web,EU,2,12,5.39,0,basic,1,1
C100265,2024-03-23,android,EU,3,11,4.52,1,standard,5,0
C100266,2024-05-08,android,EU,3,14,7.77,2,premium,0,0
C100267,2024-05-01,android,NA,8,18,2.68,0,basic,1,0
C100268,2024-01-13,android,APAC,4,19,7.71,0,standard,1,0
C100269,2024-01-27,android,NA,1,7,6.61,0,basic,2,0
C100270,2024-04-16,android,LATAM,2,7,6.92,1,standard,4,0
C100271,2024-04-05,android,NA,4,17,3.16,0,basic,0,1
C100272,2024-06-08,android,NA,2,12,12.98,1,basic,4,0
C100273,2024-06-01,ios,EU,4,13,3.83,3,basic,6,0
C100274,2024-01-11,ios,EU,4,13,4.22,0,standard,5,0
C100275,2024-04-15,android,EU,2,13,5.26,2,standard,3,0
C100276,2024-03-14,android,EU,6,20,8.57,4,basic,5,0
C100277,2024-03-27,ios,LATAM,4,13,6.79,3,standard,4,0
C100278,2024-01-12,web,EU,4,10,2.07,2,standard,1,0
C100279,2024-05-30,web,EU,4,17,5.82,3,basic,3,0
C100280,2024-01-30,android,EU,3,17,6.14,0,standard,4,0
C100281,2024-06-19,android,NA,6,14,13.17,2,premium,1,1
C100282,2024-06-16,android,EU,3,9,4.79,1,basic,0,1
C100283,2024-05-27,android,NA,1,6,8.1,1,standard,3,0
C100284,2024-01-22,ios,EU,7,17,26.04,3,basic,5,0
C100285,2024-03-14,android,NA,2,13,11.78,1,standard,6,0
C100286,2024-01-05,android,LATAM,3,8,3.06,3,basic,0,1
C100287,2024-04-20,android,EU,5,14,9.3,0,standard,3,0
C100288,2024-06-04,ios,APAC,6,13,7.73,4,basic,2,0
C100289,2024-04-04,android,EU,4,9,4.69,1,standard,7,0
C100290,2024-01-05,ios,NA,3,15,9.36,2,premium,4,0
C100291,2024-02-24,android,APAC,7,18,3.03,1,basic,4,0
C100292,2024-01-31,web,EU,4,21,3.88,3,premium,3,0
C100293,2024-03-19,android,APAC,4,13,5.29,1,premium,1,1
C100294,2024-03-07,ios,EU,3,10,4.55,0,premium,6,0
C100295,2024-05-29,web,EU,2,16,8.74,2,basic,0,1
C100296,2024-02-09,web,APAC,1,13,5.72,1,standard,1,0
C100297,2024-02-24,ios,EU,1,9,4.26,0,basic,1,1
C100298,2024-02-12,ios,NA,2,11,11.66,0,basic,5,0
C100299,2024-06-09,ios,EU,2,13,8.53,1,premium,7,0
C100300,2024-02-23,ios,EU,6,14,2.31,1,standard,7,0
C100301,2024-06-27,android,LATAM,4,15,2.28,0,standard,3,0
C100302,2024-04-29,ios,NA,7,18,4.28,0,basic,3,0
C100303,2024-02-25,ios,EU,5,13,2.48,0,standard,3,0
C100304,2024-04-16,web,APAC,4,10,10.52,2,standard,3,0
C100305,2024-01-23,ios,EU,3,11,4.0,1,basic,6,0
C100306,2024-06-11,android,APAC,6,15,8.1,1,premium,5,0
C100307,2024-06-21,ios,EU,5,13,9.21,1,basic,4,0
C100308,2024-02-22,android,NA,4,11,1.71,2,basic,0,1
C100309,2024-01-31,android,APAC,4,9,4.11,1,standard,2,0
C100310,2024-03-18,ios,NA,3,9,5.14,3,premium,7,0
C100311,2024-05-18,android,NA,5,16,6.98,1,basic,0,1
C100312,2024-04-22,android,EU,5,13,10.15,4,basic,0,1
C100313,2024-01-08,android,APAC,5,19,20.71,1,basic,0,1
C100314,2024-01-02,android,APAC,7,18,15.36,1,premium,1,0
C100315,2024-02-12,android,NA,1,12,5.68,0,basic,1,1
C100316,2024-05-15,android,NA,2,16,5.64,1,standard,3,0
C100317,2024-02-16,ios,LATAM,3,10,14.37,1,premium,1,0
C100318,2024-06-09,android,NA,2,13,5.88,2,basic,2,0
C100319,2024-02-23,web,NA,5,11,4.06,3,standard,3,0
C100320,2024-06-09,web,NA,1,14,10.63,2,standard,1,1
C100321,2024-06-14,ios,EU,5,14,7.2,1,standard,9,0
C100322,2024-05-11,android,APAC,2,9,2.26,1,basic,0,1
C100323,2024-02-01,ios,APAC,4,10,4.82,1,basic,0,1
C100324,2024-01-13,ios,APAC,3,11,2.52,1,basic,4,0
C100325,2024-02-01,ios,NA,2,17,1.28,1,standard,4,0
C100326,2024-04-23,ios,NA,2,14,16.7,3,standard,4,0
C100327,2024-05-04,ios,EU,5,17,6.37,0,basic,3,0
C100328,2024-06-26,ios,NA,5,11,4.93,1,basic,4,0
C100329,2024-06-20,android,NA,4,8,4.26,1,premium,3,0
C100330,2024-02-25,ios,NA,3,12,5.95,0,basic,6,0
C100331,2024-03-11,android,NA,4,14,4.23,1,basic,1,1
C100332,2024-05-19,ios,EU,2,15,3.09,0,standard,5,0
C100333,2024-05-19,web,APAC,4,13,4.39,0,basic,7,0
C100334,2024-02-26,android,NA,3,9,13.5,5,basic,6,0
C100335,2024-01-06,ios,EU,2,12,10.48,0,basic,3,0
C100336,2024-01-18,android,APAC,3,9,4.39,1,basic,1,1
C100337,2024-05-28,ios,APAC,4,9,17.76,1,standard,4,0
C100338,2024-03-03,android,APAC,2,18,5.64,0,standard,5,0
C100339,2024-05-10,web,EU,3,15,3.53,1,standard,1,1
C100340,2024-05-24,android,APAC,2,13,7.4,0,basic,6,0
C100341,2024-06-10,web,NA,2,13,14.85,0,standard,1,1
C100342,2024-03-29,ios,NA,2,13,13.11,1,basic,1,1
C100343,2024-04-24,ios,NA,5,16,,0,standard,6,0
C100344,2024-02-05,ios,EU,2,17,2.72,0,basic,3,0
C100345,2024-06-18,ios,NA,6,16,4.65,1,standard,0,1
C100346,2024-06-07,web,NA,5,11,8.19,0,basic,0,1
C100347,2024-03-11,android,APAC,6,13,9.62,2,basic,5,0
C100348,2024-03-07,ios,NA,3,10,11.97,0,basic,4,0
C100349,2024-05-11,android,NA,2,13,6.59,0,basic,0,1
C100350,2024-03-15,ios,NA,2,14,6.73,1,basic,3,0
C100351,2024-05-10,android,EU,1,8,6.44,3,standard,0,1
C100352,2024-01-17,ios,NA,5,12,11.01,3,standard,6,0
C100353,2024-02-18,ios,NA,7,16,9.72,4,basic,3,0
C100354,2024-05-20,ios,NA,3,14,3.56,1,premium,0,0
C100355,2024-06-14,ios,APAC,4,18,8.99,2,standard,4,0
C100356,2024-01-05,ios,LATAM,2,8,10.57,0,premium,3,0
C100357,2024-05-20,ios,EU,2,12,11.1,2,standard,8,0
C100358,2024-01-13,ios,EU,7,16,,2,standard,4,0
C100359,2024-06-04,ios,APAC,1,7,6.96,0,standard,3,0
C100360,2024-02-15,web,LATAM,4,16,5.79,1,standard,1,1
C100361,2024-03-06,android,EU,4,15,6.18,0,premium,6,0
C100362,2024-05-09,android,APAC,1,10,16.09,2,basic,5,0
C100363,2024-05-31,android,LATAM,4,16,6.31,1,basic,5,0
C100364,2024-03-15,ios,APAC,6,15,3.74,0,basic,7,0
C100365,2024-02-26,android,EU,2,13,7.3,0,premium,3,0
C100366,2024-06-25,ios,NA,3,9,9.5,0,basic,4,0
C100367,2024-06-22,ios,NA,1,5,10.82,1,standard,5,0
C100368,2024-04-04,android,EU,2,11,3.07,1,standard,6,0
C100369,2024-01-05,web,EU,2,15,14.08,0,premium,5,0
C100370,2024-06-23,ios,EU,1,7,9.28,0,basic,1,1
C100371,2024-04-21,android,EU,1,10,13.59,2,standard,2,0
C100372,2024-04-09,android,EU,4,16,2.42,0,premium,1,0
C100373,2024-01-21,android,APAC,3,9,11.37,2,basic,3,0
C100374,2024-06-27,android,NA,6,16,2.98,0,standard,0,1
C100375,2024-05-09,android,NA,6,13,5.0,0,basic,0,1
C100376,2024-02-09,web,APAC,3,11,9.47,0,standard,4,0
C100377,2024-03-06,android,APAC,3,9,2.8,2,standard,1,1
C100378,2024-03-02,android,LATAM,6,17,4.21,1,basic,8,0
C100379,2024-06-05,ios,APAC,3,17,2.39,1,basic,1,1
C100380,2024-03-26,ios,APAC,3,13,9.31,1,basic,3,0
C100381,2024-06-06,web,NA,4,15,3.53,0,basic,5,0
C100382,2024-05-03,ios,EU,6,15,6.06,0,standard,1,0
C100383,2024-03-07,ios,NA,3,13,7.74,3,basic,0,1
C100384,2024-03-14,android,EU,3,14,7.24,1,basic,0,1
C100385,2024-05-25,web,LATAM,4,10,6.84,3,standard,7,0
C100386,2024-03-30,ios,NA,2,15,6.83,2,standard,4,0
C100387,2024-05-02,web,EU,5,12,2.49,1,standard,5,0
C100388,2024-01-23,android,NA,4,11,5.17,2,premium,5,0
C100389,2024-03-17,web,NA,6,15,6.79,1,basic,0,1
C100390,2024-04-13,ios,NA,6,17,,1,standard,3,0
C100391,2024-03-02,android,NA,3,17,5.56,1,basic,6,0
C100392,2024-06-01,ios,LATAM,5,15,3.83,1,standard,2,0
C100393,2024-02-07,ios,EU,4,11,7.15,0,premium,1,0
C100394,2024-06-01,android,APAC,3,8,7.99,1,standard,2,0
C100395,2024-01-12,ios,EU,2,12,4.56,0,standard,0,1
C100396,2024-03-17,ios,NA,1,8,10.87,1,standard,1,0
C100397,2024-04-03,android,NA,4,17,14.26,0,basic,3,0
C100398,2024-02-15,ios,APAC,2,9,6.14,2,standard,0,1
C100399,2024-04-07,android,NA,3,10,3.61,0,standard,7,0
C100400,2024-06-11,android,LATAM,4,11,2.78,0,premium,7,0
C100401,2024-03-20,web,NA,6,15,4.95,0,basic,4,0
C100402,2024-04-07,ios,EU,4,11,5.86,2,basic,1,1
C100403,2024-06-20,android,APAC,2,9,2.69,0,standard,3,0
C100404,2024-06-15,web,NA,2,9,4.86,1,basic,4,0
C100405,2024-01-03,web,NA,3,13,10.52,1,basic,1,0
C100406,2024-05-10,android,LATAM,3,19,1.58,0,basic,8,0
C100407,2024-06-02,ios,NA,1,11,6.38,1,standard,6,0
C100408,2024-06-18,android,EU,2,8,4.19,0,basic,0,1
C100409,2024-05-24,web,EU,2,12,5.97,1,basic,3,0
C100410,2024-01-15,ios,NA,5,18,14.73,0,basic,4,0
C100411,2024-05-16,ios,APAC,2,14,5.8,2,premium,8,0
C100412,2024-06-01,android,APAC,2,12,5.28,1,standard,6,0
C100413,2024-04-04,web,NA,2,14,8.94,3,basic,3,0
C100414,2024-01-04,android,APAC,6,17,7.21,2,basic,4,0
C100415,2024-02-04,android,NA,5,18,6.4,1,standard,1,1
C100416,2024-02-19,android,NA,2,9,7.37,4,basic,0,1
C100417,2024-06-04,ios,EU,2,15,12.31,5,standard,3,0
C100418,2024-01-23,android,LATAM,3,8,10.1,0,basic,0,1
C100419,2024-05-14,web,NA,6,20,5.06,1,premium,3,0
C100420,2024-02-02,ios,NA,4,11,,0,basic,4,0
C100421,2024-05-29,android,EU,5,17,4.35,1,standard,0,1
C100422,2024-01-03,android,APAC,5,13,6.38,1,basic,0,1
C100423,2024-02-12,android,NA,5,12,6.84,0,premium,4,0
C100424,2024-01-19,ios,NA,3,12,4.91,0,premium,2,0
C100425,2024-04-09,ios,APAC,4,13,13.32,1,standard,2,0
C100426,2024-05-20,android,NA,2,11,4.76,1,basic,4,0
C100427,2024-03-15,ios,NA,3,8,5.51,1,basic,6,0
C100428,2024-04-06,android,NA,2,7,11.02,2,standard,0,1
C100429,2024-04-25,ios,EU,1,9,4.45,1,standard,3,0
C100430,2024-03-22,web,EU,7,16,2.63,0,basic,1,1
C100431,2024-05-15,ios,APAC,6,14,6.5,4,basic,3,0
C100432,2024-02-21,ios,EU,2,11,3.11,1,basic,0,1
C100433,2024-02-01,ios,EU,6,13,2.91,0,standard,4,0
C100434,2024-02-03,android,LATAM,3,12,1.6,0,standard,4,0
C100435,2024-02-01,android,EU,3,10,1.7,1,standard,0,1
C100436,2024-01-07,android,EU,3,7,1.76,0,standard,6,0
C100437,2024-01-08,ios,LATAM,3,16,15.42,1,basic,6,0
C100438,2024-01-10,ios,NA,4,14,1.76,1,basic,7,0
C100439,2024-01-29,ios,APAC,4,11,3.06,2,basic,0,1
C100440,2024-04-24,web,APAC,2,11,5.57,0,standard,4,0
C100441,2024-02-13,android,NA,4,15,8.7,2,basic,4,0
C100442,2024-04-15,ios,EU,2,8,,1,basic,0,1
C100443,2024-01-14,android,NA,3,10,3.61,0,basic,6,0
C100444,2024-05-24,android,NA,2,16,6.31,1,basic,3,0
C100445,2024-03-05,ios,EU,1,7,5.47,2,standard,3,0
C100446,2024-03-20,web,NA,4,12,6.09,0,basic,3,0
C100447,2024-05-01,ios,APAC,3,18,6.6,3,basic,0,0
C100448,2024-06-28,android,LATAM,2,9,7.72,2,standard,0,1
C100449,2024-05-22,ios,APAC,4,11,4.14,3,basic,3,0
C100450,2024-03-13,android,NA,7,19,4.78,1,basic,0,1
C100451,2024-03-03,web,NA,2,13,20.16,1,basic,1,0
C100452,2024-03-01,ios,NA,8,19,4.3,0,standard,3,0
C100453,2024-01-16,android,NA,4,12,6.38,1,basic,1,0
C100454,2024-03-01,android,LATAM,3,15,5.5,1,standard,5,0
C100455,2024-05-16,android,EU,4,10,6.22,1,premium,0,1
C100456,2024-02-19,web,NA,5,14,11.2,1,standard,3,0
C100457,2024-03-11,ios,APAC,4,12,5.31,1,basic,1,1
C100458,2024-01-13,ios,NA,3,10,2.83,0,standard,9,0
C100459,2024-02-15,ios,NA,7,19,4.09,1,basic,3,0
C100460,2024-01-13,ios,NA,5,11,5.32,0,basic,0,1
C100461,2024-03-25,android,EU,4,13,6.73,1,standard,3,0
C100462,2024-02-23,web,APAC,4,11,3.62,1,basic,0,1
C100463,2024-06-23,android,NA,3,9,3.88,4,basic,0,1
C100464,2024-04-16,ios,LATAM,5,12,6.89,3,basic,7,0
C100465,2024-03-08,ios,APAC,5,12,7.04,0,basic,9,0
C100466,2024-04-06,ios,APAC,2,12,10.24,1,basic,4,0
C100467,2024-06-21,web,NA,2,13,4.06,1,standard,1,1
C100468,2024-02-02,android,NA,4,12,8.19,1,premium,1,0
C100469,2024-02-15,ios,APAC,3,10,5.51,0,basic,0,1
C100470,2024-04-08,android,NA,4,13,4.43,0,standard,6,0
C100471,2024-01-19,ios,EU,6,15,5.62,4,basic,0,1
C100472,2024-04-03,android,APAC,6,15,6.12,3,basic,5,0
C100473,2024-01-29,android,NA,3,12,2.65,0,basic,3,0
C100474,2024-06-04,android,APAC,3,9,2.78,1,basic,0,1
C100475,2024-05-19,android,LATAM,2,14,8.89,0,basic,3,0
C100476,2024-01-09,android,APAC,4,15,4.71,2,basic,4,0
C100477,2024-04-06,ios,EU,1,11,6.76,0,basic,0,1
C100478,2024-02-07,ios,APAC,2,7,8.73,1,standard,5,0
C100479,2024-04-14,android,EU,2,8,5.64,0,basic,1,1
C100480,2024-04-08,android,APAC,6,18,8.29,3,basic,1,1
C100481,2024-06-23,android,APAC,3,10,6.14,1,basic,5,0
C100482,2024-02-01,ios,APAC,3,12,6.32,2,standard,0,1
C100483,2024-03-31,android,NA,1,10,11.76,0,basic,0,1
C100484,2024-06-22,android,NA,2,16,5.27,0,standard,3,0
C100485,2024-01-22,android,NA,6,13,8.95,0,basic,5,0
C100486,2024-02-15,ios,EU,5,13,2.38,0,basic,6,0
C100487,2024-05-09,android,EU,2,10,6.62,0,premium,3,0
C100488,2024-01-20,ios,EU,3,15,13.59,1,basic,0,1
C100489,2024-02-07,ios,NA,3,11,21.05,4,basic,5,0
C100490,2024-06-21,ios,APAC,4,12,2.45,0,basic,3,0
C100491,2024-04-14,ios,LATAM,3,12,,1,premium,0,1
C100492,2024-01-11,ios,NA,2,15,3.16,0,standard,6,0
C100493,2024-06-02,android,APAC,3,13,5.4,0,standard,6,0
C100494,2024-04-04,ios,EU,2,10,9.85,1,premium,2,0
C100495,2024-03-26,ios,EU,3,12,12.02,1,basic,1,1
C100496,2024-06-27,android,NA,1,9,12.25,1,premium,4,0
C100497,2024-02-26,ios,APAC,5,14,2.32,2,basic,4,0
C100498,2024-03-09,android,LATAM,2,8,6.04,1,standard,0,0
C100499,2024-04-13,ios,APAC,2,10,4.01,2,basic,0,1
C100500,2024-02-13,ios,LATAM,4,12,5.21,0,basic,2,0
C100501,2024-01-23,web,LATAM,4,15,4.37,0,premium,6,0
C100502,2024-01-25,web,NA,4,10,,0,basic,7,0
C100503,2024-02-25,ios,EU,6,13,12.09,0,premium,2,0
C100504,2024-01-15,ios,EU,2,15,3.65,0,basic,6,0
C100505,2024-03-31,ios,LATAM,7,18,4.06,4,standard,2,0
C100506,2024-06-27,android,NA,5,15,13.64,0,premium,3,0
C100507,2024-02-15,ios,EU,3,8,2.15,1,basic,0,0
C100508,2024-01-08,ios,APAC,3,12,7.65,3,premium,3,0
C100509,2024-01-08,android,NA,2,11,10.69,1,standard,1,0
C100510,2024-01-30,android,APAC,2,16,12.99,0,standard,4,0
C100511,2024-04-15,ios,NA,8,19,7.34,0,basic,9,0
C100512,2024-03-25,android,LATAM,4,12,9.05,0,standard,1,0
C100513,2024-03-13,android,APAC,3,13,10.69,1,standard,2,0
C100514,2024-05-15,android,NA,3,10,5.45,0,basic,0,1
C100515,2024-03-11,android,APAC,2,15,3.33,2,basic,0,1
C100516,2024-04-20,android,NA,3,16,14.27,1,basic,2,1
C100517,2024-06-28,ios,EU,5,16,8.46,1,premium,6,0
C100518,2024-01-31,android,EU,4,14,6.03,1,basic,5,0
C100519,2024-01-21,ios,APAC,4,11,2.46,1,standard,4,0
C100520,2024-02-09,web,NA,5,14,1.45,1,premium,0,1
C100521,2024-01-28,android,NA,5,17,7.56,0,basic,0,0
C100522,2024-05-29,android,APAC,5,13,1.41,2,basic,3,1
C100523,2024-06-06,ios,EU,2,14,5.99,0,standard,8,0
C100524,2024-04-10,android,EU,5,15,3.75,2,basic,0,1
C100525,2024-01-24,android,NA,4,10,4.36,0,standard,1,0
C100526,2024-06-02,web,NA,2,10,12.33,1,standard,4,0
C100527,2024-06-14,web,APAC,3,17,3.78,0,standard,0,1
C100528,2024-03-14,ios,NA,2,11,,1,basic,0,1
C100529,2024-04-30,android,NA,2,9,3.79,2,standard,4,0
C100530,2024-04-19,ios,LATAM,4,13,7.14,3,standard,0,1
C100531,2024-04-05,ios,NA,1,10,6.53,0,basic,3,0
C100532,2024-03-04,android,APAC,4,12,5.99,0,standard,5,0
C100533,2024-02-20,ios,NA,2,14,10.71,1,premium,3,0
C100534,2024-02-19,android,APAC,1,11,2.16,0,standard,2,0
C100535,2024-03-05,android,APAC,3,14,1.85,1,basic,3,0
C100536,2024-05-16,ios,APAC,2,13,2.73,3,basic,0,1
C100537,2024-05-28,android,NA,8,19,6.55,2,basic,1,1
C100538,2024-01-21,android,EU,2,11,7.9,2,basic,3,0
C100539,2024-01-11,ios,APAC,2,11,1.14,0,basic,0,1
C100540,2024-03-27,web,NA,2,14,7.83,1,premium,3,0
C100541,2024-05-18,ios,NA,4,19,4.76,2,basic,0,1
C100542,2024-04-10,ios,NA,5,15,14.5,2,standard,4,0
C100543,2024-05-29,web,LATAM,5,14,7.48,4,basic,0,1
C100544,2024-05-08,android,APAC,2,9,13.48,1,basic,0,1
C100545,2024-05-07,android,EU,4,11,11.96,0,basic,2,0
C100546,2024-04-06,android,APAC,3,10,4.77,1,basic,5,0
C100547,2024-01-10,android,EU,6,16,9.87,2,standard,5,0
C100548,2024-02-02,ios,EU,5,16,4.76,2,premium,7,0
C100549,2024-05-13,android,EU,3,15,15.61,2,premium,4,0
C100550,2024-02-25,ios,EU,3,10,5.05,1,basic,1,0
C100551,2024-05-10,android,NA,4,10,8.13,2,standard,2,0
C100552,2024-03-02,android,APAC,2,9,17.42,1,basic,2,0
C100553,2024-01-03,web,APAC,6,13,8.35,3,premium,1,0
C100554,2024-05-01,android,NA,6,14,4.45,0,standard,4,0
C100555,2024-06-09,android,EU,3,18,2.55,0,basic,5,0
C100556,2024-03-21,android,NA,5,14,2.17,0,basic,4,0
C100557,2024-01-24,ios,LATAM,4,12,7.81,1,basic,4,0
C100558,2024-03-15,ios,LATAM,4,14,5.62,2,basic,3,0
C100559,2024-06-21,ios,LATAM,4,14,2.77,0,premium,3,0
C100560,2024-02-27,android,NA,7,18,9.23,1,standard,4,0
C100561,2024-01-13,android,NA,3,10,9.15,1,premium,3,0
C100562,2024-05-18,ios,NA,3,11,5.56,1,basic,4,0
C100563,2024-02-12,ios,NA,1,10,13.84,0,standard,5,0
C100564,2024-01-07,ios,NA,3,10,1.95,1,basic,1,1
C100565,2024-05-04,ios,NA,6,14,4.56,0,standard,6,0
C100566,2024-03-01,ios,LATAM,6,17,8.33,1,basic,8,0
C100567,2024-01-25,android,NA,2,13,2.96,0,basic,0,1
C100568,2024-01-10,android,NA,6,14,9.79,0,standard,8,0
C100569,2024-02-03,ios,APAC,4,9,11.6,0,basic,4,0
C100570,2024-01-27,android,EU,3,11,1.26,1,basic,0,1
C100571,2024-01-03,ios,APAC,2,19,14.13,2,standard,0,1
C100572,2024-03-07,ios,EU,4,14,8.02,1,basic,2,0
C100573,2024-05-28,ios,APAC,1,10,4.23,0,premium,0,1
C100574,2024-03-12,web,EU,2,11,2.28,0,standard,8,0
C100575,2024-01-07,ios,EU,4,12,10.61,1,standard,4,0
C100576,2024-06-07,web,APAC,5,13,2.68,2,standard,6,0
C100577,2024-04-23,ios,EU,2,11,8.01,1,standard,2,1
C100578,2024-06-22,web,NA,4,9,2.75,2,standard,0,1
C100579,2024-04-14,android,EU,5,12,5.91,2,premium,5,0
C100580,2024-03-26,ios,NA,2,19,10.32,0,standard,7,0
C100581,2024-04-02,ios,APAC,3,16,4.26,1,basic,4,0
C100582,2024-01-02,android,NA,7,20,14.07,5,basic,4,0
C100583,2024-03-08,android,NA,4,12,8.45,1,standard,1,0
C100584,2024-03-20,web,NA,3,11,2.97,1,basic,0,1
C100585,2024-02-23,ios,APAC,5,15,2.38,1,basic,7,0
C100586,2024-05-30,android,NA,4,14,3.5,1,basic,0,1
C100587,2024-06-21,android,EU,6,17,5.73,1,standard,6,0
C100588,2024-03-27,android,APAC,3,9,14.9,2,basic,1,0
C100589,2024-05-21,android,NA,2,13,16.67,1,standard,6,0
C100590,2024-02-10,web,APAC,1,9,4.16,1,standard,5,0
C100591,2024-06-15,android,NA,2,14,4.08,3,standard,0,1
C100592,2024-05-06,android,NA,3,6,9.34,1,basic,0,1
C100593,2024-05-12,ios,EU,6,14,9.29,3,standard,7,0
C100594,2024-04-17,android,LATAM,5,12,12.7,1,standard,3,0
C100595,2024-05-29,android,NA,2,13,12.91,2,basic,0,1
C100596,2024-04-06,ios,EU,4,12,3.35,0,standard,4,0
C100597,2024-06-22,ios,NA,2,11,2.11,0,basic,0,1
C100598,2024-04-29,web,EU,2,10,,0,premium,3,0
C100599,2024-03-22,ios,EU,3,18,6.77,2,basic,0,1
C100600,2024-02-07,ios,EU,2,6,1.57,1,standard,0,1
C100601,2024-06-12,ios,EU,2,10,2.08,4,standard,0,1
C100602,2024-01-11,web,NA,5,14,8.27,0,basic,3,0
C100603,2024-01-08,ios,EU,5,11,5.41,2,standard,0,1
C100604,2024-01-06,web,EU,6,18,8.39,1,basic,0,1
C100605,2024-01-20,ios,EU,2,18,,0,standard,3,0
C100606,2024-02-14,web,NA,6,15,8.77,1,standard,0,1
C100607,2024-03-29,android,EU,4,13,7.31,3,basic,1,0
C100608,2024-02-19,ios,EU,2,6,9.18,2,basic,1,1
C100609,2024-03-22,android,NA,4,11,4.35,1,standard,1,1
C100610,2024-03-21,ios,NA,5,12,3.77,1,basic,0,1
C100611,2024-03-19,ios,EU,2,8,2.27,0,premium,4,0
C100612,2024-01-11,web,APAC,4,15,4.83,2,standard,1,1
C100613,2024-04-06,web,NA,3,12,11.3,0,standard,0,1
C100614,2024-02-23,android,APAC,1,8,13.27,0,basic,1,0
C100615,2024-04-06,ios,EU,6,15,2.69,1,standard,3,0
C100616,2024-01-11,ios,APAC,2,17,5.73,1,premium,4,0
C100617,2024-06-05,android,EU,2,9,15.04,3,basic,0,1
C100618,2024-05-10,android,EU,2,9,16.32,2,basic,5,0
C100619,2024-03-03,android,EU,3,13,4.71,0,basic,2,0
C100620,2024-03-05,ios,LATAM,4,15,11.92,0,basic,7,0
C100621,2024-02-26,ios,EU,6,18,10.68,2,standard,2,0
C100622,2024-06-27,web,EU,3,14,10.14,0,basic,0,1
C100623,2024-05-06,ios,EU,1,8,1.92,3,standard,0,1
C100624,2024-03-23,web,APAC,5,12,4.0,4,basic,0,1
C100625,2024-04-26,android,NA,7,16,5.33,2,basic,1,0
C100626,2024-01-12,ios,EU,3,10,5.24,1,basic,0,1
C100627,2024-05-29,android,EU,2,9,5.69,2,premium,0,1
C100628,2024-04-17,ios,LATAM,1,9,17.44,0,standard,0,1
C100629,2024-02-25,ios,EU,1,7,4.81,1,basic,1,1
C100630,2024-05-04,web,EU,3,12,,1,standard,4,0
C100631,2024-01-02,ios,LATAM,5,12,7.36,2,basic,2,1
C100632,2024-03-29,android,EU,4,12,5.73,2,basic,1,1
C100633,2024-06-18,android,NA,2,11,,0,basic,0,1
C100634,2024-05-16,android,NA,4,8,6.23,1,premium,6,0
C100635,2024-01-08,android,NA,2,8,1.56,1,standard,3,0
C100636,2024-04-16,ios,NA,3,13,8.01,0,standard,3,0
C100637,2024-05-02,ios,EU,2,8,1.44,1,basic,0,1
C100638,2024-04-04,ios,APAC,2,9,7.56,2,basic,0,1
C100639,2024-02-27,web,APAC,5,12,3.87,0,standard,8,0
C100640,2024-05-02,ios,NA,3,15,3.05,1,basic,4,0
C100641,2024-03-17,ios,EU,3,9,9.43,1,premium,6,0
C100642,2024-06-19,android,NA,3,12,4.46,0,standard,0,1
C100643,2024-05-30,android,LATAM,3,8,6.03,0,basic,2,0
C100644,2024-06-12,ios,NA,4,11,1.96,0,standard,0,1
C100645,2024-03-16,web,EU,4,13,13.89,1,premium,0,0
C100646,2024-05-01,android,NA,2,13,6.41,1,basic,0,1
C100647,2024-01-26,ios,EU,3,8,,2,standard,0,1
C100648,2024-05-15,ios,EU,4,13,,1,premium,3,0
C100649,2024-05-15,android,APAC,2,10,1.21,1,basic,3,0
C100650,2024-05-19,android,NA,6,14,14.76,1,premium,3,0
C100651,2024-01-04,web,LATAM,1,12,4.7,2,basic,2,0
C100652,2024-03-23,ios,EU,3,15,,0,standard,3,0
C100653,2024-02-19,android,APAC,3,12,4.59,2,standard,8,0
C100654,2024-06-13,web,APAC,2,11,3.94,1,standard,1,0
C100655,2024-04-06,android,LATAM,5,19,7.77,0,basic,4,0
C100656,2024-04-20,web,NA,2,12,19.63,2,standard,0,1
C100657,2024-03-19,android,NA,2,14,11.91,3,basic,2,0
C100658,2024-01-21,ios,NA,1,9,,1,basic,5,0
C100659,2024-04-21,android,NA,3,21,7.69,5,basic,3,0
C100660,2024-04-19,android,EU,4,9,6.2,2,standard,0,1
C100661,2024-03-09,web,LATAM,5,16,13.82,0,basic,0,1
C100662,2024-04-23,android,LATAM,3,11,9.58,2,basic,0,1
C100663,2024-03-11,android,EU,3,11,2.24,3,premium,4,0
C100664,2024-04-28,android,EU,6,17,3.06,1,basic,8,0
C100665,2024-03-03,ios,APAC,2,16,8.5,0,basic,3,0
C100666,2024-05-19,ios,LATAM,2,10,2.73,0,basic,0,1
C100667,2024-06-08,web,NA,4,13,6.39,0,basic,1,0
C100668,2024-03-28,android,EU,4,15,10.09,0,standard,3,0
C100669,2024-01-04,android,APAC,3,9,7.81,1,basic,3,0
C100670,2024-05-02,android,NA,5,12,2.47,0,basic,2,0
C100671,2024-06-18,ios,EU,4,11,3.17,3,premium,0,1
C100672,2024-05-07,web,LATAM,2,11,7.96,0,standard,6,0
C100673,2024-03-05,ios,LATAM,2,12,18.3,3,standard,7,0
C100674,2024-04-11,ios,LATAM,1,7,5.55,1,premium,1,1
C100675,2024-03-06,android,APAC,6,17,10.31,2,premium,3,0
C100676,2024-05-19,web,NA,4,9,7.85,0,basic,3,0
C100677,2024-05-10,ios,NA,5,12,,0,standard,2,0
C100678,2024-04-22,android,EU,2,10,10.39,0,standard,0,1
C100679,2024-03-10,android,EU,4,11,1.92,2,basic,0,1
C100680,2024-02-01,android,EU,4,15,9.91,1,basic,8,0
C100681,2024-04-20,android,EU,7,17,8.16,2,basic,5,0
C100682,2024-03-01,android,EU,3,11,4.08,4,standard,8,0
C100683,2024-06-11,ios,APAC,3,18,2.89,1,standard,2,0
C100684,2024-01-12,ios,NA,1,11,4.32,1,standard,4,0
C100685,2024-06-01,android,NA,7,15,3.65,0,basic,5,0
C100686,2024-05-20,android,NA,4,15,4.98,0,basic,1,1
C100687,2024-04-02,web,NA,3,15,4.62,2,basic,0,1
C100688,2024-06-27,ios,APAC,3,14,4.08,1,standard,1,1
C100689,2024-05-08,ios,EU,3,11,1.88,1,premium,10,0
C100690,2024-01-08,android,NA,6,14,,0,premium,2,0
C100691,2024-03-11,web,APAC,1,9,11.43,3,premium,6,0
C100692,2024-05-31,android,EU,2,12,4.16,1,premium,7,0
C100693,2024-05-19,android,NA,6,17,,2,premium,3,0
C100694,2024-01-29,web,NA,4,15,,1,basic,0,1
C100695,2024-01-31,ios,NA,1,10,14.02,1,basic,0,1
C100696,2024-06-15,ios,EU,1,10,3.6,2,basic,4,0
C100697,2024-01-09,ios,NA,2,10,,0,basic,2,1
C100698,2024-06-19,ios,NA,3,16,8.27,1,basic,3,0
C100699,2024-04-07,android,NA,1,10,6.71,2,basic,0,1
C100700,2024-05-25,android,EU,1,7,8.42,1,premium,5,0
C100701,2024-02-08,android,NA,5,14,,0,basic,1,1
C100702,2024-03-02,android,APAC,5,12,10.56,0,premium,4,0
C100703,2024-05-11,web,NA,5,11,2.43,3,standard,1,1
C100704,2024-01-30,android,EU,4,15,7.78,4,standard,3,0
C100705,2024-01-19,ios,EU,3,15,3.45,5,standard,8,0
C100706,2024-04-19,ios,EU,5,12,1.59,3,basic,5,0
C100707,2024-01-02,ios,NA,5,13,8.05,0,standard,3,0
C100708,2024-06-18,android,APAC,3,11,7.76,1,basic,2,0
C100709,2024-05-01,ios,APAC,2,10,5.87,4,premium,3,0
C100710,2024-05-08,web,NA,2,10,10.67,0,basic,0,1
C100711,2024-03-31,ios,NA,3,11,3.46,5,basic,0,1
C100712,2024-04-22,ios,LATAM,4,15,,2,standard,1,0
C100713,2024-06-20,web,EU,1,9,5.34,0,standard,7,0
C100714,2024-01-01,ios,NA,5,12,5.61,0,basic,3,0
C100715,2024-02-14,android,NA,5,16,1.71,0,standard,5,0
C100716,2024-05-05,ios,EU,6,19,10.74,1,basic,5,0
C100717,2024-01-23,android,APAC,3,19,7.57,1,standard,5,0
C100718,2024-02-14,ios,EU,4,11,8.68,2,basic,4,0
C100719,2024-01-05,web,LATAM,5,15,3.16,0,basic,4,0
C100720,2024-01-10,ios,EU,2,15,7.02,4,basic,0,1
C100721,2024-03-20,android,NA,5,17,5.33,1,basic,1,0
C100722,2024-04-28,android,EU,7,20,7.82,1,basic,6,0
C100723,2024-01-19,web,NA,9,22,6.82,1,basic,3,0
C100724,2024-06-25,android,NA,3,17,15.73,0,basic,0,1
C100725,2024-05-19,android,NA,5,13,12.79,0,basic,0,1
C100726,2024-04-29,android,NA,4,16,4.95,1,standard,0,1
C100727,2024-01-13,android,APAC,3,19,8.05,1,basic,7,0
C100728,2024-04-03,ios,NA,1,9,4.69,1,standard,1,0
C100729,2024-06-14,ios,EU,2,9,10.49,2,premium,7,0
C100730,2024-02-12,android,EU,3,15,5.48,0,basic,3,0
C100731,2024-04-07,android,EU,2,8,,0,premium,5,0
C100732,2024-04-11,android,APAC,6,16,6.96,1,basic,5,0
C100733,2024-05-05,android,APAC,2,13,12.18,2,basic,9,0
C100734,2024-06-14,android,APAC,6,14,11.0,1,standard,7,0
C100735,2024-01-24,ios,NA,3,20,4.44,0,standard,3,0
C100736,2024-01-12,android,EU,5,15,14.88,0,standard,3,0
C100737,2024-01-17,android,EU,4,10,3.28,0,basic,7,0
C100738,2024-02-18,android,NA,1,2,3.95,0,standard,1,1
C100739,2024-03-04,android,NA,4,11,10.22,3,basic,3,0
C100740,2024-06-07,android,NA,6,18,1.6,2,basic,0,1
C100741,2024-04-03,android,EU,2,12,6.04,1,basic,4,0
C100742,2024-05-14,web,EU,1,11,4.94,2,premium,5,0
C100743,2024-04-13,android,NA,3,10,,1,basic,1,0
C100744,2024-06-20,ios,APAC,2,17,2.92,0,standard,0,1
C100745,2024-02-29,ios,LATAM,5,22,3.13,1,standard,2,0
C100746,2024-04-30,android,NA,2,9,16.74,0,standard,8,0
C100747,2024-02-19,android,LATAM,3,8,4.97,0,standard,6,0
C100748,2024-02-12,ios,NA,7,18,11.88,4,premium,7,0
C100749,2024-06-25,ios,LATAM,3,9,4.47,1,basic,4,0
C100750,2024-01-05,android,LATAM,6,16,3.85,1,basic,4,0
C100751,2024-02-19,android,NA,1,8,12.25,3,standard,0,1
C100752,2024-03-10,android,APAC,2,13,19.28,0,basic,6,0
C100753,2024-01-25,ios,LATAM,3,9,12.84,1,basic,6,0
C100754,2024-05-18,ios,LATAM,3,9,4.29,0,basic,6,0
C100755,2024-03-05,android,LATAM,3,12,5.87,3,basic,0,1
C100756,2024-03-23,android,EU,3,12,3.22,1,basic,0,1
C100757,2024-02-24,web,NA,3,11,3.57,0,basic,0,1
C100758,2024-06-09,android,APAC,2,11,3.46,2,premium,5,0
C100759,2024-03-16,ios,EU,2,11,4.54,1,basic,6,0
C100760,2024-05-21,ios,EU,3,13,6.48,1,premium,1,0
C100761,2024-04-22,android,EU,3,11,6.02,2,premium,1,1
C100762,2024-06-21,android,EU,5,12,9.32,2,basic,2,1
C100763,2024-04-18,android,NA,6,22,6.7,0,standard,2,0
C100764,2024-06-26,web,APAC,5,14,8.77,2,standard,0,0
C100765,2024-05-05,android,NA,5,13,9.65,2,standard,1,1
C100766,2024-01-11,android,APAC,2,15,4.34,0,basic,0,1
C100767,2024-01-29,android,APAC,4,11,5.41,0,basic,3,0
C100768,2024-05-22,android,EU,3,11,31.89,2,basic,4,0
C100769,2024-01-09,ios,EU,3,11,4.11,2,standard,1,1
C100770,2024-02-04,android,NA,2,15,9.09,1,premium,6,0
C100771,2024-05-22,ios,LATAM,8,19,2.53,3,standard,4,0
C100772,2024-03-04,ios,APAC,3,8,9.83,1,standard,3,0
C100773,2024-02-09,ios,NA,2,19,3.7,1,premium,1,0
C100774,2024-02-05,android,NA,3,15,,2,standard,0,1
C100775,2024-02-26,web,NA,1,9,2.28,1,basic,1,1
C100776,2024-05-30,ios,EU,5,13,5.78,2,premium,6,0
C100777,2024-03-23,android,LATAM,3,11,5.85,1,basic,7,0
C100778,2024-06-20,ios,APAC,2,15,,3,basic,0,1
C100779,2024-05-08,web,NA,4,11,7.87,3,standard,2,0
C100780,2024-02-18,android,APAC,3,14,11.61,0,premium,4,0
C100781,2024-01-30,web,NA,3,13,3.12,0,basic,3,0
C100782,2024-06-18,ios,APAC,3,12,5.36,2,basic,0,1
C100783,2024-06-11,ios,NA,4,14,1.79,0,basic,5,0
C100784,2024-01-23,web,EU,4,14,6.64,1,basic,6,0
C100785,2024-02-27,android,LATAM,4,19,2.97,1,basic,8,0
C100786,2024-05-13,ios,NA,3,14,5.99,0,standard,3,0
C100787,2024-06-25,android,EU,5,13,6.81,2,premium,4,0
C100788,2024-06-11,ios,LATAM,4,13,1.96,1,basic,8,0
C100789,2024-02-21,ios,NA,3,6,7.48,2,basic,6,0
C100790,2024-06-10,android,NA,4,12,11.26,1,basic,1,1
C100791,2024-05-10,android,EU,4,11,8.57,1,basic,1,1
C100792,2024-03-24,android,NA,3,14,3.16,1,standard,8,0
C100793,2024-03-08,android,NA,5,12,5.75,1,standard,5,0
C100794,2024-05-26,android,EU,3,14,6.16,1,standard,4,0
C100795,2024-05-30,android,APAC,1,12,5.43,1,basic,1,1
C100796,2024-06-13,android,NA,2,14,2.46,0,standard,0,1
C100797,2024-03-24,android,NA,1,6,3.49,1,basic,0,1
C100798,2024-02-18,ios,APAC,5,12,5.12,1,basic,6,0
C100799,2024-06-05,ios,EU,5,12,6.75,3,premium,1,1
C100800,2024-02-24,ios,APAC,3,8,4.1,1,standard,3,0
C100801,2024-05-15,android,EU,1,10,1.69,2,premium,0,1
C100802,2024-04-01,web,LATAM,5,12,,1,premium,7,0
C100803,2024-04-15,ios,EU,6,16,15.72,2,standard,8,0
C100804,2024-02-07,android,NA,3,14,7.51,3,premium,5,0
C100805,2024-02-14,android,APAC,4,14,6.63,2,basic,2,0
C100806,2024-04-27,ios,EU,4,12,3.46,1,basic,0,1
C100807,2024-02-16,android,NA,2,18,4.39,2,basic,0,1
C100808,2024-04-30,ios,NA,4,14,,1,basic,4,0
C100809,2024-06-27,web,EU,4,11,,3,basic,4,0
C100810,2024-01-15,android,NA,2,12,7.28,0,basic,0,1
C100811,2024-06-15,android,NA,3,13,6.66,2,standard,0,1
C100812,2024-01-31,web,NA,3,10,3.85,1,standard,4,0
C100813,2024-01-25,ios,EU,5,14,5.42,1,standard,6,0
C100814,2024-05-30,android,EU,5,11,6.03,1,basic,2,0
C100815,2024-02-06,web,EU,5,13,3.99,0,standard,2,0
C100816,2024-04-26,web,NA,3,9,7.79,2,basic,5,0
C100817,2024-01-20,ios,NA,5,16,6.59,2,basic,4,0
C100818,2024-01-16,ios,EU,6,18,,0,basic,2,0
C100819,2024-02-06,android,NA,3,9,2.56,2,basic,2,0
C100820,2024-04-03,android,EU,1,12,4.29,2,basic,6,0
C100821,2024-02-22,ios,NA,2,7,4.1,1,standard,2,0
C100822,2024-02-10,android,NA,5,13,3.85,3,standard,1,0
C100823,2024-05-30,ios,NA,4,13,2.01,1,standard,2,0
C100824,2024-02-01,ios,EU,6,16,13.17,0,basic,3,0
C100825,2024-01-18,android,NA,6,17,12.77,0,standard,8,0
C100826,2024-01-20,ios,APAC,4,17,5.3,0,standard,5,0
C100827,2024-06-07,android,NA,1,13,6.73,1,basic,1,1
C100828,2024-03-26,web,EU,2,18,7.7,0,standard,7,0
C100829,2024-06-23,android,EU,1,6,5.36,1,basic,0,1
C100830,2024-05-25,ios,NA,4,16,7.04,0,basic,6,0
C100831,2024-02-20,ios,EU,1,8,,0,basic,4,0
C100832,2024-05-22,android,NA,1,8,6.43,0,standard,0,1
C100833,2024-03-23,ios,EU,3,16,9.33,3,basic,0,1
C100834,2024-04-10,ios,NA,6,15,3.77,2,basic,0,1
C100835,2024-04-05,ios,APAC,7,18,5.74,1,basic,3,0
C100836,2024-05-16,ios,LATAM,3,14,25.21,1,premium,4,0
C100837,2024-02-07,web,NA,3,19,10.71,0,basic,5,0
C100838,2024-01-11,android,EU,2,15,6.53,1,basic,4,0
C100839,2024-05-11,ios,APAC,2,15,3.12,2,basic,0,1
C100840,2024-06-20,android,NA,2,7,5.93,0,premium,2,0
C100841,2024-04-14,ios,APAC,1,9,,1,standard,5,0
C100842,2024-01-22,ios,EU,2,10,8.98,3,premium,5,0
C100843,2024-01-21,android,LATAM,6,13,1.76,2,basic,0,1
C100844,2024-04-08,android,LATAM,3,11,2.05,0,basic,2,1
C100845,2024-06-10,web,NA,4,11,2.11,0,standard,3,0
C100846,2024-04-20,android,EU,1,10,7.78,2,basic,0,1
C100847,2024-02-24,ios,EU,2,10,2.12,2,standard,3,0
C100848,2024-04-21,android,NA,6,15,3.04,0,premium,6,0
C100849,2024-01-29,web,NA,4,15,5.23,3,basic,5,0
C100850,2024-03-27,android,LATAM,4,13,11.34,3,premium,0,1
C100851,2024-06-25,android,NA,4,10,8.01,3,standard,5,0
C100852,2024-04-23,web,EU,5,17,4.84,2,basic,1,1
C100853,2024-01-19,web,APAC,2,8,9.5,1,basic,5,0
C100854,2024-02-06,android,NA,5,16,18.6,0,basic,6,0
C100855,2024-01-11,ios,EU,2,13,5.97,1,standard,4,0
C100856,2024-03-13,ios,LATAM,2,15,2.47,0,basic,0,1
C100857,2024-02-12,web,EU,1,12,3.1,2,basic,1,1
C100858,2024-06-25,android,NA,7,16,3.09,1,standard,6,0
C100859,2024-02-27,ios,NA,4,13,3.54,1,basic,6,0
C100860,2024-01-07,ios,LATAM,3,13,4.63,1,basic,4,0
C100861,2024-03-19,ios,NA,3,15,6.88,1,standard,5,0
C100862,2024-05-12,ios,EU,4,13,2.25,1,basic,5,0
C100863,2024-05-03,ios,NA,5,11,2.5,0,basic,1,1
C100864,2024-06-24,android,EU,2,11,8.35,0,basic,2,0
C100865,2024-03-06,web,LATAM,3,15,4.12,1,basic,0,1
C100866,2024-04-04,web,EU,5,12,3.29,0,basic,4,0
C100867,2024-04-10,ios,LATAM,6,15,4.97,0,standard,0,1
C100868,2024-01-05,android,NA,5,13,12.57,3,premium,9,0
C100869,2024-01-02,android,EU,3,15,9.08,2,basic,6,0
C100870,2024-05-23,ios,APAC,2,11,,2,premium,3,0
C100871,2024-03-10,android,EU,3,13,,1,standard,0,1
C100872,2024-05-03,web,NA,4,18,7.09,3,standard,4,0
C100873,2024-06-19,android,APAC,5,13,16.22,2,standard,2,0
C100874,2024-02-14,ios,NA,1,12,17.03,4,standard,0,1
C100875,2024-05-19,web,EU,3,10,2.29,0,standard,2,1
C100876,2024-02-08,android,LATAM,5,13,1.94,0,basic,5,0
C100877,2024-05-13,android,NA,9,20,2.96,0,standard,3,0
C100878,2024-01-29,ios,NA,3,8,11.8,2,basic,1,1
C100879,2024-02-24,ios,NA,6,14,5.03,1,basic,5,0
C100880,2024-03-25,android,NA,2,14,4.64,1,standard,0,1
C100881,2024-03-28,ios,NA,3,14,9.66,1,basic,2,0
C100882,2024-01-06,web,EU,1,14,3.99,2,basic,0,1
C100883,2024-06-01,ios,NA,7,15,6.52,2,basic,4,0
C100884,2024-01-02,android,EU,3,8,8.35,2,basic,0,1
C100885,2024-06-07,android,NA,2,14,,2,standard,4,0
C100886,2024-02-07,android,NA,1,8,2.7,0,standard,0,1
C100887,2024-05-07,android,NA,2,9,5.94,1,basic,8,0
C100888,2024-05-08,android,APAC,3,14,6.44,0,basic,10,0
C100889,2024-03-23,ios,EU,6,15,9.19,1,basic,7,0
C100890,2024-04-06,android,NA,2,11,2.91,0,basic,3,0
C100891,2024-01-14,web,APAC,5,13,3.61,1,standard,2,0
C100892,2024-06-11,android,EU,3,10,16.93,2,standard,1,1
C100893,2024-01-22,android,NA,4,17,10.56,0,basic,0,1
C100894,2024-04-28,ios,LATAM,2,13,5.34,1,basic,4,0
C100895,2024-01-01,web,NA,6,13,11.63,2,premium,0,1
C100896,2024-05-14,android,NA,5,17,2.92,2,standard,2,0
C100897,2024-03-05,android,EU,3,13,4.95,2,basic,0,1
C100898,2024-03-27,android,NA,3,14,6.4,0,basic,8,0
C100899,2024-01-05,ios,NA,5,11,4.6,0,basic,5,0
C100900,2024-02-09,ios,APAC,9,22,4.7,1,premium,5,0
C100901,2024-03-19,android,NA,5,13,8.91,2,basic,1,1
C100902,2024-05-09,android,APAC,3,10,10.65,1,basic,3,0
C100903,2024-04-17,ios,LATAM,7,16,4.29,2,premium,1,0
C100904,2024-02-16,web,EU,4,18,2.37,2,standard,5,0
C100905,2024-04-17,ios,APAC,5,13,2.09,1,basic,5,0
C100906,2024-02-10,ios,APAC,4,16,1.55,4,basic,0,1
C100907,2024-04-09,android,LATAM,4,14,15.18,1,basic,0,1
C100908,2024-04-07,android,NA,8,18,8.93,1,standard,1,0
C100909,2024-02-10,android,NA,5,11,7.73,0,basic,0,1
C100910,2024-02-06,ios,EU,3,10,,0,premium,4,0
C100911,2024-04-03,web,EU,3,10,3.93,0,premium,3,0
C100912,2024-04-15,web,NA,6,15,10.87,0,standard,4,0
C100913,2024-06-25,web,EU,4,9,1.95,0,standard,5,0
C100914,2024-03-30,web,NA,4,12,4.41,2,basic,0,1
C100915,2024-03-21,web,LATAM,1,11,11.86,2,basic,3,0
C100916,2024-03-26,android,NA,3,12,4.4,1,standard,4,0
C100917,2024-06-06,android,NA,5,12,8.64,1,basic,2,0
C100918,2024-02-25,android,NA,5,13,5.47,3,basic,6,0
C100919,2024-03-09,ios,NA,5,15,1.17,2,basic,3,0
C100920,2024-03-07,android,NA,4,13,5.33,0,basic,3,0
C100921,2024-04-22,ios,NA,4,15,6.02,1,basic,0,1
C100922,2024-05-05,ios,NA,4,16,5.07,1,standard,2,0
C100923,2024-03-27,ios,NA,5,14,2.62,3,standard,0,1
C100924,2024-02-17,android,NA,2,12,5.1,2,standard,0,1
C100925,2024-05-03,android,NA,8,23,1.6,1,standard,0,1
C100926,2024-02-19,android,NA,6,16,4.38,2,basic,4,0
C100927,2024-06-10,web,NA,4,9,9.08,6,standard,2,1
C100928,2024-04-22,ios,NA,3,13,14.66,1,standard,4,0
C100929,2024-03-20,ios,NA,6,17,13.16,0,basic,0,1
C100930,2024-02-11,android,NA,2,15,2.87,0,premium,0,1
C100931,2024-05-16,android,APAC,1,5,2.14,1,basic,7,0
C100932,2024-04-19,android,LATAM,5,21,6.4,0,basic,0,1
C100933,2024-06-07,ios,LATAM,1,8,5.77,0,basic,1,0
C100934,2024-05-07,ios,EU,6,14,8.24,3,basic,3,0
C100935,2024-05-22,android,EU,6,14,3.73,0,basic,10,0
C100936,2024-01-17,web,NA,1,12,5.89,1,standard,8,0
C100937,2024-01-05,android,APAC,6,14,5.69,3,premium,3,0
C100938,2024-04-28,web,APAC,2,6,4.47,0,basic,0,1
C100939,2024-01-01,android,APAC,6,16,1.87,1,standard,2,0
C100940,2024-06-09,android,APAC,3,8,9.0,2,basic,0,1
C100941,2024-06-07,ios,EU,3,9,6.43,0,standard,0,1
C100942,2024-04-15,android,APAC,1,9,9.4,1,basic,0,1
C100943,2024-05-11,android,APAC,2,19,10.86,3,basic,0,1
C100944,2024-03-16,android,NA,3,12,5.37,0,standard,3,0
C100945,2024-06-21,android,LATAM,3,8,9.04,3,standard,3,0
C100946,2024-01-07,ios,NA,6,19,14.88,1,standard,6,0
C100947,2024-02-22,web,LATAM,2,10,17.95,2,standard,2,0
C100948,2024-05-05,web,APAC,1,12,6.94,1,standard,2,0
C100949,2024-05-21,android,NA,5,13,7.29,0,basic,1,0
C100950,2024-02-13,ios,EU,3,12,6.86,0,basic,0,1
C100951,2024-05-24,android,NA,3,10,8.06,2,basic,2,0
C100952,2024-03-23,android,APAC,4,12,10.57,0,basic,0,1
C100953,2024-06-03,android,APAC,3,17,6.77,0,basic,0,1
C100954,2024-02-18,web,EU,1,8,17.3,0,basic,2,1
C100955,2024-05-04,web,APAC,3,14,15.78,1,basic,0,1
C100956,2024-02-07,ios,NA,2,9,6.01,0,standard,0,1
C100957,2024-01-25,ios,NA,4,11,5.99,0,basic,0,1
C100958,2024-05-06,ios,EU,5,13,4.26,2,standard,7,0
C100959,2024-05-02,ios,NA,2,11,8.34,2,standard,6,0
C100960,2024-02-22,ios,EU,5,19,4.73,2,basic,6,0
C100961,2024-04-18,android,NA,2,17,4.13,3,basic,0,1
C100962,2024-06-18,android,NA,2,14,8.22,2,standard,0,1
C100963,2024-03-01,android,EU,3,9,2.78,0,standard,4,0
C100964,2024-03-31,web,APAC,5,14,10.68,0,basic,0,1
C100965,2024-02-07,ios,NA,5,13,8.43,2,basic,5,0
C100966,2024-04-03,web,APAC,2,11,15.26,2,standard,4,0
C100967,2024-06-08,android,EU,2,6,7.02,0,standard,4,0
C100968,2024-04-24,ios,NA,3,14,9.28,0,basic,0,1
C100969,2024-01-26,android,EU,6,14,10.06,1,basic,4,0
C100970,2024-05-13,android,EU,4,13,12.5,0,premium,1,0
C100971,2024-03-16,android,NA,11,26,6.53,2,basic,0,0
C100972,2024-01-04,android,EU,2,12,4.24,3,premium,5,0
C100973,2024-04-22,web,NA,2,7,7.13,0,basic,6,0
C100974,2024-02-23,android,NA,4,12,10.67,0,standard,3,0
C100975,2024-06-23,ios,EU,3,12,11.58,0,basic,4,0
C100976,2024-06-28,ios,EU,5,17,1.88,2,basic,2,0
C100977,2024-04-30,android,APAC,2,6,27.73,1,premium,3,0
C100978,2024-04-23,ios,NA,7,15,4.15,0,basic,3,0
C100979,2024-02-24,android,LATAM,1,6,9.38,0,premium,4,0
C100980,2024-01-13,web,APAC,4,10,13.4,1,basic,0,1
C100981,2024-01-11,ios,LATAM,3,13,5.66,1,premium,5,0
C100982,2024-03-24,ios,APAC,3,11,11.87,1,premium,0,1
C100983,2024-02-27,ios,NA,4,15,1.87,1,standard,2,0
C100984,2024-06-21,android,EU,2,11,12.15,1,basic,0,1
C100985,2024-02-22,web,NA,9,21,11.22,0,standard,1,0
C100986,2024-02-08,android,APAC,4,9,7.71,1,standard,5,0
C100987,2024-05-27,android,EU,4,9,10.7,1,premium,3,0
C100988,2024-05-30,android,NA,6,14,16.05,1,basic,8,0
C100989,2024-03-08,ios,LATAM,5,16,13.67,3,basic,1,1
C100990,2024-01-15,ios,NA,4,16,5.88,1,basic,1,1
C100991,2024-01-18,ios,EU,4,11,7.08,1,standard,4,0
C100992,2024-04-03,ios,APAC,1,12,5.24,2,premium,0,1
C100993,2024-06-05,android,NA,5,12,4.81,0,basic,7,0
C100994,2024-03-10,web,EU,4,15,10.02,1,standard,3,0
C100995,2024-01-04,android,APAC,4,11,5.2,1,premium,3,0
C100996,2024-03-08,ios,NA,4,18,10.01,2,basic,1,1
C100997,2024-01-01,android,EU,3,14,5.65,0,basic,6,0
C100998,2024-03-17,web,NA,1,11,6.2,1,standard,0,1
C100999,2024-03-26,android,EU,3,12,3.44,0,standard,2,0
C101000,2024-05-11,android,NA,4,15,9.84,0,basic,9,0
C101001,2024-01-13,ios,LATAM,2,12,1.81,1,standard,4,0
C101002,2024-03-27,android,APAC,3,15,12.44,2,standard,2,0
C101003,2024-02-01,android,NA,4,14,21.6,1,premium,9,0
C101004,2024-03-24,ios,NA,4,17,6.34,3,premium,4,0
C101005,2024-06-26,android,EU,4,9,,1,standard,4,0
C101006,2024-05-13,web,APAC,1,5,2.17,1,standard,0,1
C101007,2024-05-31,android,EU,5,16,4.32,2,basic,5,0
C101008,2024-01-07,ios,NA,2,13,10.77,1,standard,5,0
C101009,2024-05-17,ios,NA,4,14,11.75,0,basic,1,0
C101010,2024-06-04,ios,LATAM,3,9,6.88,2,standard,6,0
C101011,2024-04-30,ios,EU,4,12,10.37,1,basic,0,1
C101012,2024-05-20,ios,APAC,3,12,3.49,1,standard,7,0
C101013,2024-01-09,web,EU,3,10,7.93,4,basic,0,1
C101014,2024-05-12,android,LATAM,2,13,14.49,3,basic,7,0
C101015,2024-05-30,android,NA,2,9,8.94,1,basic,2,1
C101016,2024-02-11,ios,NA,3,12,15.89,3,standard,3,0
C101017,2024-03-25,ios,LATAM,5,14,16.2,0,standard,3,0
C101018,2024-03-17,android,LATAM,3,13,8.26,3,basic,2,1
C101019,2024-01-18,android,NA,5,13,1.04,2,premium,0,1
C101020,2024-01-24,web,NA,3,12,11.6,0,premium,3,0
C101021,2024-02-24,ios,EU,3,18,2.61,1,basic,0,1
C101022,2024-01-20,web,EU,3,17,1.21,2,standard,3,1
C101023,2024-03-31,ios,NA,1,11,1.68,0,basic,0,1
C101024,2024-01-11,ios,APAC,3,12,12.12,4,basic,1,1
C101025,2024-01-03,android,NA,7,17,8.3,2,standard,3,0
C101026,2024-04-23,web,APAC,5,14,7.0,0,basic,5,0
C101027,2024-02-15,android,NA,2,9,8.82,0,premium,3,0
C101028,2024-03-09,ios,NA,2,14,1.73,1,premium,0,1
C101029,2024-03-01,android,EU,7,17,5.23,3,standard,1,1
C101030,2024-03-25,ios,NA,1,12,3.88,1,standard,2,0
C101031,2024-03-24,ios,EU,4,15,6.65,2,standard,0,1
C101032,2024-01-24,ios,NA,5,13,6.8,1,premium,0,1
C101033,2024-01-01,web,LATAM,4,18,8.58,1,basic,0,1
C101034,2024-03-20,android,APAC,2,12,9.43,2,basic,0,1
C101035,2024-04-11,ios,APAC,1,7,1.78,1,standard,3,0
C101036,2024-05-18,android,NA,1,4,5.27,1,basic,0,1
C101037,2024-02-05,android,NA,2,13,6.08,1,basic,9,0
C101038,2024-01-16,android,NA,5,14,2.56,1,basic,1,0
C101039,2024-04-17,android,EU,3,10,2.4,1,standard,8,0
C101040,2024-06-11,android,NA,3,16,2.2,2,basic,0,1
C101041,2024-02-13,ios,NA,3,16,10.33,2,basic,2,0
C101042,2024-01-16,ios,NA,5,12,1.95,1,basic,3,0
C101043,2024-03-13,ios,NA,4,17,2.15,1,basic,8,0
C101044,2024-04-10,android,NA,4,11,6.47,1,premium,2,0
C101045,2024-04-22,android,NA,4,16,7.91,1,basic,0,1
C101046,2024-01-21,android,NA,1,10,5.95,1,standard,6,0
C101047,2024-04-28,ios,EU,3,13,2.89,1,standard,3,0
C101048,2024-03-02,web,NA,4,15,2.43,0,basic,0,1
C101049,2024-01-06,android,NA,3,11,6.35,0,standard,0,1
C101050,2024-06-15,ios,EU,3,9,5.53,1,standard,4,0
C101051,2024-04-06,android,APAC,9,21,4.64,2,standard,1,1
C101052,2024-02-24,android,NA,6,15,10.04,0,basic,4,0
C101053,2024-05-26,android,EU,4,13,5.3,0,basic,0,1
C101054,2024-05-23,android,LATAM,4,13,2.3,0,premium,3,0
C101055,2024-02-07,ios,EU,3,10,4.66,2,standard,2,1
C101056,2024-06-21,web,LATAM,3,17,8.49,0,premium,7,0
C101057,2024-04-05,android,APAC,5,14,5.09,1,premium,5,0
C101058,2024-02-17,ios,NA,7,17,8.4,2,basic,3,0
C101059,2024-03-21,ios,EU,2,12,9.49,2,standard,1,1
C101060,2024-02-03,web,EU,5,13,5.31,3,basic,0,1
C101061,2024-06-01,ios,LATAM,6,16,5.94,3,standard,5,0
C101062,2024-02-18,android,EU,3,12,4.87,1,basic,1,1
C101063,2024-03-19,ios,NA,4,9,8.52,0,basic,4,0
C101064,2024-01-13,android,EU,3,18,4.78,1,standard,0,1
C101065,2024-06-18,web,NA,1,11,7.98,1,standard,0,1
C101066,2024-02-24,android,APAC,5,21,6.88,2,standard,7,0
C101067,2024-04-27,ios,EU,4,13,1.67,0,basic,0,1
C101068,2024-03-04,android,APAC,4,16,8.27,2,basic,0,1
C101069,2024-04-11,android,APAC,4,10,6.47,0,premium,9,0
C101070,2024-04-10,web,EU,2,13,12.76,0,basic,1,1
C101071,2024-02-22,ios,EU,2,11,2.64,0,basic,1,0
C101072,2024-03-18,android,APAC,4,13,6.95,0,standard,5,0
C101073,2024-04-17,web,APAC,2,18,4.34,1,basic,0,1
C101074,2024-02-09,web,APAC,4,12,1.77,0,standard,1,0
C101075,2024-01-24,android,NA,3,13,1.51,2,basic,3,0
C101076,2024-02-02,ios,EU,8,18,14.41,2,standard,1,0
C101077,2024-03-15,ios,NA,4,11,6.96,0,premium,7,0
C101078,2024-02-08,ios,APAC,1,11,5.19,3,premium,0,1
C101079,2024-02-21,android,EU,1,11,2.06,2,standard,1,1
C101080,2024-05-03,android,EU,2,15,13.87,1,basic,4,0
C101081,2024-04-30,web,NA,4,10,3.62,0,standard,0,1
C101082,2024-06-18,web,NA,3,8,7.18,2,standard,2,0
C101083,2024-05-17,ios,APAC,3,11,6.3,1,standard,0,1
C101084,2024-03-17,web,NA,2,14,18.09,1,standard,8,0
C101085,2024-06-16,ios,NA,6,16,5.84,1,standard,1,0
C101086,2024-06-14,ios,APAC,2,14,4.16,1,standard,9,0
C101087,2024-02-09,ios,APAC,3,9,,2,standard,1,1
C101088,2024-01-31,ios,NA,3,9,7.53,0,basic,4,0
C101089,2024-06-08,ios,NA,4,22,26.2,1,basic,4,0
C101090,2024-06-09,android,LATAM,4,15,5.78,2,standard,1,1
C101091,2024-06-01,ios,APAC,2,13,2.58,2,basic,1,1
C101092,2024-03-23,android,EU,3,12,4.64,0,premium,5,0
C101093,2024-06-04,android,NA,5,11,7.02,1,standard,1,1
C101094,2024-05-18,ios,NA,5,15,,0,basic,2,0
C101095,2024-05-13,android,NA,3,7,1.95,1,standard,7,0
C101096,2024-04-18,android,APAC,2,8,4.29,1,standard,0,1
C101097,2024-02-18,ios,NA,2,13,17.43,1,standard,4,0
C101098,2024-05-14,web,NA,4,12,3.17,1,basic,1,1
C101099,2024-06-07,android,APAC,4,14,10.19,2,premium,0,1
C101100,2024-06-08,android,LATAM,2,13,4.75,2,basic,1,1
C101101,2024-04-17,android,APAC,4,17,6.0,1,standard,0,1
C101102,2024-01-08,ios,EU,4,13,2.1,3,basic,1,0
C101103,2024-05-13,ios,EU,4,10,5.06,1,standard,3,0
C101104,2024-02-15,android,EU,3,15,6.97,1,standard,0,1
C101105,2024-02-06,ios,NA,6,15,5.83,0,standard,4,0
C101106,2024-01-15,android,EU,3,11,5.27,2,basic,4,0
C101107,2024-01-29,android,EU,3,13,8.54,3,standard,0,1
C101108,2024-03-29,web,EU,3,15,2.42,0,standard,2,0
C101109,2024-02-19,android,APAC,5,13,7.18,0,basic,1,0
C101110,2024-03-09,android,LATAM,3,13,1.45,1,premium,1,0
C101111,2024-04-02,android,NA,3,10,12.03,3,standard,3,0
C101112,2024-04-04,ios,NA,3,15,5.39,2,premium,5,0
C101113,2024-03-15,web,NA,5,14,9.76,0,premium,5,0
C101114,2024-03-22,web,NA,4,10,1.11,0,premium,1,1
C101115,2024-06-08,android,NA,3,12,8.89,2,standard,4,0
C101116,2024-02-20,android,NA,3,8,3.54,0,standard,3,0
C101117,2024-01-03,ios,APAC,2,16,6.03,1,basic,6,0
C101118,2024-05-24,android,EU,1,10,,0,standard,0,1
C101119,2024-01-15,web,LATAM,5,16,5.67,0,standard,3,0
C101120,2024-05-19,ios,NA,3,10,8.31,4,standard,2,1
C101121,2024-02-28,android,NA,2,10,4.8,1,premium,4,0
C101122,2024-05-31,ios,EU,5,17,12.64,1,basic,6,0
C101123,2024-01-31,android,NA,4,17,5.38,0,basic,0,1
C101124,2024-01-30,android,NA,4,12,5.45,0,standard,4,0
C101125,2024-03-14,ios,LATAM,4,12,5.51,0,basic,5,0
C101126,2024-03-16,ios,NA,8,19,5.92,0,basic,3,0
C101127,2024-05-09,ios,NA,4,16,2.5,1,basic,5,0
C101128,2024-04-26,ios,EU,7,20,3.11,2,standard,4,0
C101129,2024-06-27,web,EU,4,14,10.68,2,basic,6,0
C101130,2024-05-01,web,EU,3,16,9.75,0,basic,5,0
C101131,2024-02-06,ios,NA,2,9,9.36,1,basic,0,0
C101132,2024-01-16,android,APAC,4,9,,1,basic,1,1
C101133,2024-02-17,ios,NA,3,15,4.22,3,basic,0,1
C101134,2024-06-26,web,EU,4,10,3.94,0,standard,5,0
C101135,2024-05-18,android,EU,3,23,5.76,2,standard,0,1
C101136,2024-05-13,ios,APAC,2,5,,0,basic,7,0
C101137,2024-02-18,android,NA,2,11,6.71,2,standard,0,1
C101138,2024-03-25,android,EU,6,13,3.01,1,basic,1,0
C101139,2024-05-06,ios,NA,5,15,2.19,0,basic,4,0
C101140,2024-06-19,android,NA,2,12,9.95,2,premium,2,0
C101141,2024-04-15,ios,NA,3,8,14.11,1,standard,0,1
C101142,2024-01-04,ios,APAC,4,13,,0,premium,6,0
C101143,2024-06-02,ios,NA,4,18,10.16,1,basic,2,0
C101144,2024-06-17,android,APAC,4,19,7.72,0,basic,0,1
C101145,2024-01-07,android,NA,5,15,,1,basic,1,1
C101146,2024-03-11,ios,APAC,6,17,6.77,2,basic,7,0
C101147,2024-06-25,ios,APAC,4,17,2.71,1,premium,6,0
C101148,2024-06-20,ios,NA,4,9,5.11,0,basic,0,1
C101149,2024-06-22,web,NA,3,17,5.97,1,premium,2,0
C101150,2024-06-24,android,NA,2,18,12.56,3,premium,3,0
C101151,2024-01-05,web,APAC,4,12,4.95,0,standard,1,1
C101152,2024-01-28,android,NA,2,12,3.71,2,basic,1,1
C101153,2024-03-30,android,EU,3,14,7.35,1,standard,0,1
C101154,2024-04-18,ios,EU,4,15,8.45,0,basic,2,0
C101155,2024-03-13,android,APAC,3,14,3.63,2,standard,0,1
C101156,2024-02-18,android,EU,2,12,2.94,2,basic,9,0
C101157,2024-02-15,android,EU,4,12,3.1,0,premium,3,0
C101158,2024-04-18,android,LATAM,5,17,12.59,3,standard,1,1
C101159,2024-06-25,ios,NA,6,16,8.22,3,standard,2,0
C101160,2024-05-28,android,APAC,4,13,4.74,0,standard,2,0
C101161,2024-02-01,ios,NA,5,17,11.29,1,standard,4,0
C101162,2024-01-27,ios,EU,2,10,3.61,0,premium,2,0
C101163,2024-02-17,android,APAC,5,12,5.61,1,basic,1,1
C101164,2024-05-11,android,EU,2,10,2.68,3,premium,1,1
C101165,2024-01-02,web,EU,1,7,10.98,3,standard,0,1
C101166,2024-05-06,ios,NA,4,10,3.42,0,premium,4,0
C101167,2024-04-14,ios,EU,5,15,3.47,1,basic,2,0
C101168,2024-04-28,ios,NA,5,17,7.45,1,standard,1,0
C101169,2024-06-03,android,EU,1,8,1.4,0,basic,6,0
C101170,2024-04-16,android,EU,2,15,2.33,2,standard,0,1
C101171,2024-04-21,ios,NA,4,13,9.17,3,basic,0,1
C101172,2024-03-27,android,NA,4,12,3.07,1,basic,1,1
C101173,2024-04-27,ios,NA,3,10,21.82,1,basic,0,0
C101174,2024-03-09,ios,NA,2,17,6.55,2,basic,1,0
C101175,2024-01-12,ios,NA,2,14,1.82,2,basic,7,0
C101176,2024-01-05,ios,APAC,3,9,14.56,0,standard,7,0
C101177,2024-05-08,android,EU,5,15,6.54,1,basic,3,0
C101178,2024-04-24,android,NA,2,18,5.2,2,standard,0,1
C101179,2024-03-14,android,EU,2,16,6.53,0,basic,0,1
C101180,2024-05-14,ios,APAC,2,8,1.81,2,standard,1,0
C101181,2024-03-26,android,NA,2,16,5.73,0,standard,5,0
C101182,2024-02-15,android,NA,3,10,3.21,3,basic,0,1
C101183,2024-04-15,android,NA,2,14,,3,standard,0,1
C101184,2024-03-09,android,NA,2,7,4.29,2,premium,3,0
C101185,2024-06-24,ios,APAC,7,19,6.31,0,standard,0,1
C101186,2024-05-09,android,LATAM,7,15,4.74,1,basic,2,0
C101187,2024-05-14,web,NA,6,13,4.12,2,basic,0,1
C101188,2024-05-03,android,APAC,3,16,2.99,0,standard,2,0
C101189,2024-05-03,ios,NA,1,11,1.86,0,basic,6,0
C101190,2024-05-19,android,EU,2,10,1.66,2,standard,4,0
C101191,2024-03-18,android,APAC,6,16,2.38,1,basic,6,0
C101192,2024-05-27,web,NA,1,12,8.73,0,standard,1,1
C101193,2024-01-07,web,NA,3,13,2.88,2,basic,4,0
C101194,2024-04-29,web,EU,3,15,3.69,2,basic,4,0
C101195,2024-04-06,android,LATAM,2,12,3.71,1,premium,3,0
C101196,2024-01-02,android,NA,5,14,,1,premium,6,0
C101197,2024-04-28,ios,NA,3,10,7.79,1,premium,7,0
C101198,2024-01-01,android,NA,4,14,4.71,2,premium,1,1
C101199,2024-05-06,ios,EU,5,12,9.78,1,basic,3,0
